,title,description,exploitability,risk_level,cve_id,platform,consequences,privilege,access_vector,access_complexity,confidentiality_impact,integrity_impact,availability_impact
0,JetBrains Kotlin information disclosure,"JetBrains Kotlin could allow a local authenticated attacker to obtain sensitive information, caused by an insecure permission flaw when creating temporary file and folder by the Java API. By gaining access to the temporary directory, an attacker could exploit this vulnerability to obtain sensitive information, and use this information to launch further attacks against the affected system.",Unproven,5.5,CVE-2020-29582,JetBrains Kotlin 1.4,Obtain Information,Low,Local,Low,High,None,None
1,HashiCorp Nomad and Nomad Enterprise information disclosure,"HashiCorp Nomad and Nomad Enterprise could allow a remote attacker to obtain sensitive information, caused by improper isolation mechanisms within Nomads exec and java task drivers. By sending a specially-crafted request, a remote attacker could exploit this vulnerability to obtain sensitive information.",Unproven,5.3,CVE-2021-3283,HashiCorp Nomad 0.12.9,Obtain Information,None,Network,Low,Low,None,None
2,IBM QRadar SIEM code execution,"IBM QRadar SIEM 7.4.0 to 7.4.2 Patch 1 and 7.3.0 to 7.3.3 Patch 7 could allow a remote attacker to execute arbitrary commands on the system, caused by insecure deserialization of user-supplied content by the Java deserialization function. By sending a malicious serialized Java object, an attacker could exploit this vulnerability to execute arbitrary commands on the system.  IBM X-Force ID:  190912.",Unproven,6.3,CVE-2020-4888 ,IBM QRadar SIEM 7.3,Gain Access,Low,Network,Low,Low,Low,Low
3,Apache ServiceComb code execution,"Apache ServiceComb could allow a remote authenticated attacker to execute arbitrary code on the system, caused by an unsafe deserialization when handler-router component is enabled in servicecomb-java-chassis. By sending specially-crafted input, an attacker could exploit this vulnerability to execute arbitrary code on the system.",Unproven,8.8,CVE-2020-17532,Apache ServiceComb 2.0.0,Gain Access,Low,Network,Low,High,High,High
4,Oracle Database Server Java VM unspecified,"An unspecified vulnerability in Oracle Database Server related to the Java VM component could allow an authenticated attacker to cause no confidentiality impact, high integrity impact, and no availability impact.",Unproven,4.8,CVE-2021-1993,Oracle Database Server 12.1.0.2,Other,Low,Network,High,None,High,None
5,Aruba AirWave Glass command execution,"Aruba AirWave Glass could allow a remote attacker to execute arbitrary commands on the system, caused by unsafe Java deserialization. By sending a specially-crafted request, an attacker could exploit this vulnerability to execute arbitrary commands on the system.",Unproven,9.8,CVE-2020-24639,Aruba AirWave Glass 1.3.2,Gain Access,None,Network,Low,High,High,High
6,Aruba AirWave Glass command execution,"Aruba AirWave Glass could allow a remote attacker to execute arbitrary commands on the system, caused by unsafe Java deserialization. By sending a specially-crafted request, an attacker could exploit this vulnerability to execute arbitrary commands on the system.",Unproven,7.2,CVE-2020-24638,Aruba AirWave Glass 1.3.2,Gain Access,High,Network,Low,High,High,High
7,Apache HTML/Java API privilege escalation,"Apache HTML/Java API could allow a local authenticated attacker to gain elevated privileges on the system, caused by a race condition between the deletion of the temporary file and the creation of the temporary directory in ""webkit"" subproject. By sending a specially-crafted request, an authenticated attacker could exploit this vulnerability to gain elevated privileges.",Unproven,7.8,CVE-2020-17534,Apache HTML/Java API 1.7,Gain Privileges,Low,Local,Low,High,High,High
8,Kubernetes Java Client directory traversal,"Kubernetes Java Client could allow a remote attacker to traverse directories on the system, caused by improper validation of tarball files copied from a pod. An attacker could use a specially-crafted tarball file containing ""dot dot"" sequences (/../) to overwrite arbitrary files on the system.",Unproven,7.5,CVE-2020-8570,Kubernetes Java Client 9.0.1,Obtain Information,None,Network,Low,None,High,None
9,H2 Database JNI code execution,"H2 Database could allow a local attacker to execute arbitrary code on the system, caused by improper input validation by the Java Native Interface (JNI). By compiling and running Java code, an attacker could exploit this vulnerability to execute arbitrary code on the system.",Proof of Concept,8.4,,H2 Database 1.4.199,Gain Access,None,Local,Low,High,High,High
10,BrowserUp Proxy code execution,"BrowserUp Proxy could allow a remote attacker to execute arbitrary code on the system, caused by a server-side template injection flaw. By sending a specially-crafted request using Java EL expressions, an attacker could exploit this vulnerability to execute arbitrary code on the system.",Unproven,10,CVE-2020-26282,BrowserUp BrowserUp Proxy 2.1.1,Gain Access,None,Network,Low,High,High,High
11,Legion of the Bouncy Castle BC Java security bypass,"Legion of the Bouncy Castle BC Java could allow a remote attacker to bypass security restrictions. The OpenBSDBCrypt.checkPassword utility method compares incorrect data when checking the password. By using brute force techniques, an attacker could exploit this vulnerability to allow incorrect passwords to indicate they were matching with previously hashed ones that were different.",Unproven,9,CVE-2020-28052,Bouncy Castle Legion of the Bouncy Castle BC Java 1.65,Bypass Security,None,Network,High,High,High,High
12,Google Android information disclosure,"Google Android could allow a remote attacker to obtain sensitive information, caused by improper input validation in the isSubmittable and showWarningMessagesIfAppropriate of WifiConfigController.java and WifiConfigController2.java. By sending a specially-crafted request, a remote attacker could exploit this vulnerability to obtain sensitive information.",Unproven,5.3,CVE-2020-27055,Google Android,Obtain Information,None,Network,Low,Low,None,None
13,Google Android privilege escalation,"Google Android could allow a local attacker to gain elevated privileges on the system, caused by an insecure default value in openAssetFileListener of ContactsProvider2.java. By executing a specially-crafted program, an attacker could exploit this vulnerability to escalate privileges.",Unproven,8.4,CVE-2020-0486,Google Android,Gain Privileges,None,Local,Low,High,High,High
14,Wildfly denial of service,"Wildfly is vulnerable to a denial of service, caused by a memory leak when an application uses the OpenTracing API's java-interceptors. By sending a specially-crafted, a remote attacker could exploit this vulnerability to cause a denial of service.",Unproven,5.3,CVE-2020-27822,Wildfly Wildfly 19.1.0.Final,Denial of Service,None,Network,Low,None,None,Low
15,Microsoft Windows code execution,"Microsoft Windows could allow a remote attacker to execute arbitrary code on the system, caused by improper handling of objects in memory by the Visual Studio Code Java Extension Pack. By persuading a victim to open specially-crafted content, an attacker could exploit this vulnerability to execute arbitrary code on the system with privileges of the victim.",Unproven,7.8,CVE-2020-17159,Microsoft Visual Studio Code Language Support for Java Extension,Gain Access,None,Local,Low,High,High,High
16,Microsoft Azure SDK for Java security bypass,Microsoft Azure SDK for Java could allow a remote attacker to bypass security restrictions. An attacker could exploit this vulnerability to bypass security feature to cause impact on confidentiality.,Unproven,7.4,CVE-2020-16971,Microsoft Azure SDK for Java,Bypass Security,None,Network,High,High,High,None
17,SAP NetWeaver AS JAVA denial of service,"SAP NetWeaver AS JAVA is vulnerable to a denial of service, caused by an unrestricted file upload flaw. By uploading a specially-crafted file, a remote authenticated attacker could exploit this vulnerability to cause the application to crash.",Unproven,6.5,CVE-2020-26826,SAP NetWeaver AS Java 7.31,Denial of Service,Low,Network,Low,None,None,High
18,SAP NetWeaver AS JAVA (P2P Cluster Communication) security bypass,"SAP NetWeaver AS JAVA (P2P Cluster Communication) could allow a remote attacker to bypass security restrictions, caused by improper authentication validation. By sending a specially-crafted request, an attacker could exploit this vulnerability to gain access to system administration functions or shut down the system.",Unproven,10,CVE-2020-26829,SAP NetWeaver AS Java 7.11,Bypass Security,None,Network,Low,High,High,High
19,SAP NetWeaver AS JAVA information disclosure,"SAP NetWeaver AS JAVA could allow a remote authenticated attacker to obtain sensitive information, caused by the missing of encryption for the key material. By sending a specially-crafted request, an attacker could exploit this vulnerability to obtain application data and client credentials information, and use this information to launch further attacks against the affected system.",Unproven,5.4,CVE-2020-26816,SAP NetWeaver AS Java 7.10,Obtain Information,High,Adjacent Network,High,High,None,None
20,Cron-utils code execution,"Cron-utils could allow a remote attacker to execute arbitrary code on the system, caused by a template Injection vulnerability. By sending a specially-crafted request, an attacker could exploit this vulnerability to inject arbitrary Java EL expressions and execute arbitrary code on the system.",Unproven,9.8,CVE-2020-26238,Cron-utils Cron-utils 9.1.2,Gain Access,None,Network,Low,High,High,High
21,Apache Unomi code execution,"Apache Unomi could allow a remote attacker to execute arbitrary code on the system, caused by a scripting security issue. By sending a specially-crafted request with MVEL and OGNL expressions, an attacker could exploit this vulnerability to execute arbitrary code with the permission level of the running Java process.",Unproven,9.8,CVE-2020-13942,Apache Unomi 1.5,Gain Access,None,Network,Low,High,High,High
22,Cisco Security Manager command execution,"Cisco Security Manager could allow a remote attacker to execute arbitrary commands on the system, caused by insecure deserialization of user-supplied content by the affected software. By sending a specially crafted serialized Java object to a specific listener on an affected system, an attacker could exploit this vulnerability to execute arbitrary commands on the device with the privileges of NT AUTHORITY\SYSTEM on the Windows target host.",Unproven,8.1,CVE-2020-27131,Cisco Security Manager 4.21,Gain Access,None,Network,High,High,High,High
23,SAP NetWeaver AS JAVA privilege escalation,"SAP NetWeaver AS JAVA could allow a remote authenticated attacker to gain elevated privileges on the system, caused by improper input validation. By uploading a specially-crafted file to execute OS commands, an authenticated attacker could exploit this vulnerability to gain elevated privileges.",Unproven,9.1,CVE-2020-26820,SAP NetWeaver AS Java 7.20,Gain Privileges,High,Network,Low,High,High,High
24,SAP Solution Manager (JAVA stack) security bypass,"SAP Solution Manager (JAVA stack) could allow a remote attacker to bypass security restrictions, caused by missing authorization checks in the Upgrade Legacy Ports Service. By sending a specially-crafted request, an attacker could exploit this vulnerability to cause impact to the integrity and availability of the service.",Unproven,10,CVE-2020-26824,SAP Solution Manager 7.2,Bypass Security,None,Network,Low,None,High,High
25,SAP Solution Manager (JAVA stack) security bypass,"SAP Solution Manager (JAVA stack) could allow a remote attacker to bypass security restrictions, caused by missing authorization checks in the Upgrade Diagnostics Agent Connection Service. By sending a specially-crafted request, an attacker could exploit this vulnerability to cause impact to the integrity and availability of the service.",Unproven,10,CVE-2020-26823,SAP Solution Manager 7.2,Bypass Security,None,Network,Low,None,High,High
26,SAP Solution Manager (JAVA stack) security bypass,"SAP Solution Manager (JAVA stack) could allow a remote attacker to bypass security restrictions, caused by missing authorization checks in the SVG Converter Service. By sending a specially-crafted request, an attacker could exploit this vulnerability to cause impact to the integrity and availability of the service.",Unproven,10,CVE-2020-26821,SAP Solution Manager 7.2,Bypass Security,None,Network,Low,None,High,High
27,SAP Solution Manager (JAVA stack) security bypass,"SAP Solution Manager (JAVA stack) could allow a remote attacker to bypass security restrictions, caused by missing authorization checks in the Outside Discovery Configuration Service. By sending a specially-crafted request, an attacker could exploit this vulnerability to cause impact to the integrity and availability of the service.",Unproven,10,CVE-2020-26822,SAP Solution Manager 7.2,Bypass Security,None,Network,Low,None,High,High
28,"Oracler Java SE, Java SE Embedded unspecified","An unspecified vulnerability in Java SE, Java SE Embedded related to the Libraries component could allow an unauthenticated attacker to cause no confidentiality impact, low integrity impact, and no availability impact.",Unproven,3.7,CVE-2020-14797,Oracle Java SE Embedded  8u261,Other,None,Network,High,None,Low,None
29,Oracle Database Server Java VM unspecified,"An unspecified vulnerability in Oracle Database Server related to the Java VM component could allow an authenticated attacker to cause no confidentiality impact, low integrity impact, and no availability impact.",Unproven,3.1,CVE-2020-14743,Oracle Database Server 11.2.0.4,Other,Low,Network,High,None,Low,None
30,"Oracle Java SE, Java SE Embedded unspecified","An unspecified vulnerability in Java SE, Java SE Embedded related to the Libraries component could allow an unauthenticated attacker to cause no confidentiality impact, low integrity impact, and no availability impact.",Unproven,3.7,CVE-2020-14782,Oracle Java SE Embedded  8u261,Other,None,Network,High,None,Low,None
31,"Oracle Java SE, Java SE Embedded unspecified","An unspecified vulnerability in Java SE, Java SE Embedded related to the Libraries component could allow an unauthenticated attacker to cause no confidentiality impact, low integrity impact, and no availability impact.",Unproven,3.1,CVE-2020-14798,Oracle Java SE Embedded  8u261,Other,None,Network,High,None,Low,None
32,"Oracle Java SE, Java SE Embedded unspecified","An unspecified vulnerability in  related to the   component could allow an unauthenticated attacker to cause low confidentiality impact, low integrity impact, and no availability impact.",Unproven,4.2,CVE-2020-14792,Oracle Java SE Embedded  8u261,Other,None,Network,High,Low,Low,None
33,"Oracle Java SE, Java SE Embedded denial of service","An unspecified vulnerability in Java SE, Java SE Embedded related to the Serialization component could allow an unauthenticated attacker to cause a denial of service resulting in a low availability impact using unknown attack vectors.",Unproven,3.7,CVE-2020-14779,Oracle Java SE Embedded  8u261,Denial of Service,None,Network,High,None,None,Low
34,"Oracle Java SE, Java SE Embedded information disclosure","An unspecified vulnerability in Java SE, Java SE Embedded related to the Libraries component could allow an unauthenticated attacker to obtain sensitive information resulting in a low confidentiality impact using unknown attack vectors.",Unproven,3.1,CVE-2020-14796,Oracle Java SE Embedded  8u261,Obtain Information,None,Network,High,Low,None,None
35,"Oracle Java SE, Java SE Embedded information disclosure","An unspecified vulnerability in Java SE, Java SE Embedded related to the JNDI component could allow an unauthenticated attacker to obtain sensitive information resulting in a low confidentiality impact using unknown attack vectors.",Unproven,3.7,CVE-2020-14781,Oracle Java SE Embedded  8u261,Obtain Information,None,Network,High,Low,None,None
36,Tink information disclosure,"Tink could allow a remote attacker to obtain sensitive information, caused by the mis-handling of invalid unicode characters in the Java implementation. By changing the ID part of a ciphertext, a remote attacker could exploit this vulnerability to obtain sensitive information.",Unproven,5.3,CVE-2020-8929,Tink Tink 1.4,Obtain Information,None,Network,Low,Low,None,None
37,SAP NetWeaver AS Java open redirect,"SAP NetWeaver AS Java could allow a remote attacker to conduct phishing attacks, caused by an open redirect vulnerability in the Start Page. An attacker could exploit this vulnerability using a specially-crafted URL to redirect a victim to arbitrary Web sites.",Unproven,4.7,CVE-2020-6365,SAP NetWeaver AS Java 7.10,Gain Access,None,Network,Low,None,Low,None
38,SAP NetWeaver Application Server Java cross-site scripting,"SAP NetWeaver Application Server Java is vulnerable to cross-site scripting, caused by improper validation of user-supplied input. A remote attacker could exploit this vulnerability using a specially-crafted URL to execute script in a victim's Web browser within the security context of the hosting Web site, once the URL is clicked. An attacker could use this vulnerability to steal the victim's cookie-based authentication credentials.",High,6.1,CVE-2020-6319,SAP NetWeaver AS Java 7.10,Cross-Site Scripting,None,Network,Low,Low,Low,None
39,IBM Curam Social Program Management denial of service,"An improper input validation before calling java readLine() method may impact IBM Curam Social Program Management 7.0.9 and 7.0.10, which could result in a denial of service.  IBM X-Force ID:  189159.",Unproven,6.5,CVE-2020-4781 ,IBM Curam SPM 7.0.9,Denial of Service,Low,Network,Low,None,None,High
40,IBM QRadar SIEM code execution,"IBM QRadar SIEM 7.3 and 7.4 could allow a remote attacker to execute arbitrary commands on the system, caused by insecure deserialization of user-supplied content by the Java deserialization function. By sending a malicious serialized Java object, an attacker could exploit this vulnerability to execute arbitrary commands on the system.  IBM X-Force ID:  176140.",Proof of Concept,6.3,CVE-2020-4280 ,IBM QRadar SIEM 7.3.0,Gain Access,Low,Network,Low,Low,Low,Low
41,SmartBear Collaborator Server command execution,"SmartBear Collaborator Server could allow a remote attacker to execute arbitrary commands on the system, caused by a post-authentication Java deserialization vulnerability. By sending a specially-crafted request, an attacker could exploit this vulnerability to execute arbitrary commands on the system.",Unproven,9.8,CVE-2020-26118,SmartBear Collaborator Server 13.3.13302,Gain Access,None,Network,Low,High,High,High
42,Apache Tapestry information disclosure,"Apache Tapestry could allow a remote attacker to obtain sensitive information. By crafting specific URLs, an attacker could exploit this vulnerability to list and download Java webapp files inside WEB-INF.",Unproven,5.3,CVE-2020-13953,Apache Tapestry 5.4.0,Obtain Information,None,Network,Low,Low,None,None
43,IBM Maximo Asset Management code execution,"IBM Maximo Asset Management 7.6.0 and 7.6.1 could allow a remote authenticated attacker to execute arbitrary code on the system, caused by an unsafe deserialization in Java. By sending specially-crafted  request, an attacker could exploit this vulnerability to execute arbitrary code on the system.  IBM X-Force ID:  182396.",Unproven,8.8,CVE-2020-4521 ,IBM Maximo Asset Management 7.6.0,Gain Access,Low,Network,Low,High,High,High
44,XWiki xwiki-platform code execution,"XWiki xwiki-platform could allow a remote authenticated attacker to execute arbitrary code on the system, caused by improper access control. By gaining access to the application server Servlet context, an attacker could exploit this vulnerability to instantiate arbitrary Java objects and execute arbitrary code on the system.",Unproven,8.8,CVE-2020-15171,XWiki xwiki-platform 11.10.4,Gain Access,Low,Network,Low,High,High,High
45,Apache ActiveMQ code execution,"Apache ActiveMQ could allow a remote attacker to execute arbitrary code on the system, caused by improper input validation by the RMIConnectorServer function. By creating a specially-crafted avax.management.loading.MLet MBean, an attacker could exploit this vulnerability to cause the Java application to execute arbitrary code on the system.",Unproven,9.8,CVE-2020-11998,Apache ActiveMQ 5.15.12,Gain Access,None,Network,Low,High,High,High
46,SAP NetWeaver AS Java cross-site scripting,"SAP NetWeaver AS Java is vulnerable to cross-site scripting, caused by improper validation of user-supplied input. A remote authenticated attacker could exploit this vulnerability to inject malicious script into a Web page which would be executed in a victim's Web browser within the security context of the hosting Web site, once the page is viewed. An attacker could use this vulnerability to steal the victim's cookie-based authentication credentials.",High,5.4,CVE-2020-6313,SAP NetWeaver 7.40,Cross-Site Scripting,Low,Network,Low,Low,Low,None
47,Noise-Java ChaChaPolyCipherState.encryptWithAd function code execution,"Noise-Java could allow a remote attacker to execute arbitrary code on the system, caused by an out-of-bounds access flaw in the ChaChaPolyCipherState.encryptWithAd function. By sending a specially-crafted request, an attacker could exploit this vulnerability to execute arbitrary code, obtain sensitive information or cause a denial of service condition on the system.",Proof of Concept,9.8,CVE-2020-25021,Noise-Java Noise-Java,Gain Access,None,Network,Low,High,High,High
48,Noise-Java AESGCMFallbackCipherState.encryptWithAd function code execution,"Noise-Java could allow a remote attacker to execute arbitrary code on the system, caused by an out-of-bounds access flaw in the AESGCMFallbackCipherState.encryptWithAd function. By sending a specially-crafted request, an attacker could exploit this vulnerability to execute arbitrary code, obtain sensitive information or cause a denial of service condition on the system.",Proof of Concept,9.8,CVE-2020-25022,Noise-Java Noise-Java,Gain Access,None,Network,Low,High,High,High
49,Noise-Java AESGCMOnCtrCipherState.encryptWithAd function code execution,"Noise-Java could allow a remote attacker to execute arbitrary code on the system, caused by an out-of-bounds access flaw in the AESGCMOnCtrCipherState.encryptWithAd function. By sending a specially-crafted request, an attacker could exploit this vulnerability to execute arbitrary code, obtain sensitive information or cause a denial of service condition on the system.",Proof of Concept,9.8,CVE-2020-25023,Noise-Java Noise-Java,Gain Access,None,Network,Low,High,High,High
50,Maven Extension plugin for Gradle Enterprise code execution,"Maven Extension plugin for Gradle Enterprise could allow a remote attacker to execute arbitrary code on the system, caused by an unsafe deserialization in the Java standard library ObjectInputStream. By sending a specially-crafted deserialization gadget chain, an attacker could exploit this vulnerability to execute arbitrary code or gain elevated privileges on the system.",Unproven,9.8,CVE-2020-15777,Gradle Maven Extension plugin for Gradle Enterprise 1.5,Gain Privileges,None,Network,Low,High,High,High
51,Google Android information disclosure,"Google Android could allow a local attacker to obtain sensitive information, caused by a missing permission check in Java network APIs. By executing a specially crafted program, an attacker could exploit this vulnerability to obtain sensitive information.",Unproven,6.2,CVE-2020-0293,Google Android,Obtain Information,None,Local,Low,High,None,None
52,Thales multiple modules security bypass,"Thales Cinterion could allow a physical attacker to bypass security restrictions, caused by a flaw in the Java code within the EHS8 M2M module and other communication modules in its line. By pivoting onto the providers backend network, an attacker could bypass security mechanisms to steal confidential information, take control of devices and gain access to the networks or VPNs.",Unproven,6.2,CVE-2020-15858,Thales EHS 8,Bypass Security,None,Physical,Low,High,High,Low
53,SAP NetWeaver AS JAVA denial of service,"SAP NetWeaver AS JAVA is vulnerable to a denial of service, caused by the failure to perform any authentication checks for a web service. An attacker could exploit this vulnerability to send several payloads and cause a denial of service.",Unproven,7.5,CVE-2020-6309,SAP NetWeaver AS Java 7.10,Denial of Service,None,Network,Low,None,None,High
54,NetApp Active IQ Unified Manager for Linux code execution,"NetApp Active IQ Unified Manager for Linux could allow a local authenticated attacker to execute arbitrary code on the system, caused by a flaw in the Java Management Extension Remote Method Invocation (JMX RMI). By sending a specially-crafted request, an attacker could exploit this vulnerability to execute arbitrary code on the system.",Unproven,7.8,CVE-2020-8574,NetApp Active IQ Unified Manager for Linux 9.5,Gain Access,Low,Local,Low,High,High,High
55,Oracle JDK and OpenJDK JavaFX code execution,"Oracle JDK and OpenJDK JavaFX could allow a remote attacker to execute arbitrary code on the system, caused by the failure to properly restrict Java method execution by the WebEngine component. By persuading a victim to visit specially-crafted web content, an attacker could exploit this vulnerability to execute arbitrary Java code on the system.",Unproven,8.8,,Oracle JDK 8u241,Gain Access,None,Network,Low,High,High,High
56,Red Hat JBoss Enterprise Application Platform denial of service,"Red Hat JBoss Enterprise Application Platform is vulnerable to a denial of service, caused by not removing EJB transaction object properly in the Enterprise Java Beans (EJB) client in Wildfly. By sending a specially crafted request, a remote authenticated attacker could exploit this vulnerability to make the service unavailable.",Unproven,6.5,CVE-2020-14297,Red Hat JBoss Enterprise Application Platform 7,Denial of Service,Low,Network,Low,None,None,High
57,Red Hat JBoss Enterprise Application Platform denial of service,"Red Hat JBoss Enterprise Application Platform is vulnerable to a denial of service, caused by not removing SessionOpenInvocations properly in the Enterprise Java Beans (EJB) client in Wildfly. By sending a specially-crafted request, a remote authenticated attacker could exploit this vulnerability to make the service unavailable.",Unproven,6.5,CVE-2020-14307,Red Hat JBoss Enterprise Application Platform 7,Denial of Service,Low,Network,Low,None,None,High
58,Nippy code execution,"Nippy could allow a remote attacker to execute arbitrary code on the system, caused by an unsafe deserialization in the Java Serializable interface. By sending specially-crafted input, an attacker could exploit this vulnerability to execute arbitrary code on the system.",Unproven,9.8,CVE-2020-24164,Nippy Nippy 2.14.0,Gain Access,None,Network,Low,High,High,High
59,SAP NetWeaver AS JAVA (IIOP service) (SERVERCORE) and SAP NetWeaver AS JAVA (IIOP service) (CORE-TOOLS) server-side request forgery,"SAP NetWeaver AS JAVA (IIOP service) (SERVERCORE) and SAP NetWeaver AS JAVA (IIOP service) (CORE-TOOLS) are vulnerable to server-side request forgery, caused by improper access control. By sending a specially-crafted request, an attacker could exploit this vulnerability to conduct SSRF attack to send a request from a vulnerable web application.",Unproven,5.8,CVE-2020-6282,SAP NetWeaver AS Java 7.10,Gain Access,None,Network,Low,Low,None,None
60,SAP NetWeaver - XML Toolkit for JAVA information disclsoure,"SAP NetWeaver - XML Toolkit for JAVA (ENGINEAPI) could allow a remote authenticated attacker to obtain sensitive information, caused by the failure to restrict access to information. An attacker could exploit this vulnerability to obtain sensitive information.",Unproven,7.7,CVE-2020-6285,SAP NetWeaver XML Toolkit for JAVA (ENGINEAPI) 7.10,Obtain Information,Low,Network,Low,High,None,None
61,Oracle Java SE unspecified,An unspecified vulnerability in Oracle Java SE related to the JavaFX component could allow an unauthenticated attacker to take control of the system.,Unproven,8.3,CVE-2020-14664,Oracle Java SE 8u251,Other,None,Network,High,High,High,High
62,Oracle Java SE denial of service,An unspecified vulnerability in Oracle Java SE related to the ImageIO component could allow an unauthenticated attacker to cause a denial of service resulting in a low availability impact using unknown attack vectors.,Unproven,5.3,CVE-2020-14562,Oracle Java SE 11.0.7,Denial of Service,None,Network,Low,None,None,Low
63,Oracle Java SE unspecified,"An unspecified vulnerability in Oracle Java SE related to the Hotspot component could allow an unauthenticated attacker to cause no confidentiality impact, low integrity impact, and no availability impact.",Unproven,3.7,CVE-2020-14573,Oracle Java SE 11.0.7,Other,None,Network,High,None,Low,None
64,SAP NetWeaver AS JAVA (LM Configuration Wizard) directory traversal,"SAP NetWeaver AS JAVA (LM Configuration Wizard) could allow a remote attacker to traverse directories on the system, caused by improper input path validation. An attacker could send a specially-crafted URL request containing ""dot dot"" sequences (/../) to download zip files to a specific directory.",Unproven,10,CVE-2020-6286,SAP NetWeaver AS Java 7.30,Gain Access,None,Network,Low,High,High,High
65,Oracle Database Server Java VM unspecified,An unspecified vulnerability in Oracle Database Server related to the Java VM component could allow an authenticated attacker to take control of the system.,Unproven,8,CVE-2020-2968,Oracle Database Server 11.2.0.4,Other,Low,Network,High,High,High,High
66,Oracle Java SE and Java SE Embedded information disclosure,An unspecified vulnerability in Oracle Java SE and Java SE Embedded related to the JSSE component could allow an unauthenticated attacker to obtain sensitive information resulting in a low confidentiality impact using unknown attack vectors.,Unproven,3.7,CVE-2020-14577,Oracle Java SE 8 u251,Obtain Information,None,Network,High,Low,None,None
67,Oracle Java SE and Java SE Embedded information disclosure,An unspecified vulnerability in Oracle Java SE and Java SE Embedded related to the 2D component could allow an unauthenticated attacker to obtain sensitive information resulting in a low confidentiality impact using unknown attack vectors.,Unproven,3.7,CVE-2020-14581,Oracle Java SE 8 u251,Obtain Information,None,Network,High,Low,None,None
68,Oracle GraalVM Enterprise Edition unspecified,An unspecified vulnerability in Oracle GraalVM Enterprise Edition related to the Java component could allow an unauthenticated attacker to take control of the system.,Unproven,8.3,CVE-2020-14583,Oracle GraalVM 19.3.2 Enterprise,Other,None,Network,High,High,High,High
69,Oracle Java SE and Java SE Embedded unspecified,"An unspecified vulnerability in Oracle Java SE and Java SE Embedded related to the JAXP component could allow an unauthenticated attacker to cause no confidentiality impact, low integrity impact, and no availability impact.",Unproven,5.3,CVE-2020-14621,Oracle Java SE 8 u251,Other,None,Network,Low,None,Low,None
70,Oracle Java SE and Java SE Embedded denial of service,An unspecified vulnerability in Oracle Java SE and Java SE Embedded related to the Libraries component could allow an unauthenticated attacker to cause a denial of service resulting in a low availability impact using unknown attack vectors.,Unproven,3.7,CVE-2020-14578,Oracle Java SE 8 u251,Denial of Service,None,Network,High,None,None,Low
71,Oracle Java SE and Java SE Embedded unspecified,"An unspecified vulnerability in Oracle Java SE and Java SE Embedded related to the Libraries component could allow an unauthenticated attacker to cause low confidentiality impact, low integrity impact, and no availability impact.",Unproven,4.8,CVE-2020-14556,Oracle Java SE 8 u251,Other,None,Network,High,Low,Low,None
72,Oracle Java SE and Java SE Embedded unspecified,"An unspecified vulnerability in Oracle Java SE and Java SE Embedded related to the 2D component could allow an unauthenticated attacker to cause no confidentiality impact, high integrity impact, and no availability impact.",Unproven,7.4,CVE-2020-14593,Oracle Java SE 8 u251,Other,None,Network,Low,None,High,None
73,Oracle Java SE and Java SE Embedded denial of service,An unspecified vulnerability in Oracle Java SE and Java SE Embedded related to the Libraries component could allow an unauthenticated attacker to cause a denial of service resulting in a low availability impact using unknown attack vectors.,Unproven,3.7,CVE-2020-14579,Sun Java SE,Denial of Service,None,Network,High,None,None,Low
74,SAP NetWeaver Application Server Java privilege escalation,"SAP NetWeaver Application Server (AS) Java could allow a remote attacker to gain elevated privileges on the system, caused by lack of authentication in the LM Configuration Wizard component. An attacker could exploit this vulnerability via the HTTP interface to gain unrestricted access to the SAP database and take complete control of SAP applications.",Functional,10,CVE-2020-6287,SAP NetWeaver AS JAVA 7.5,Gain Privileges,None,Network,Low,High,High,High
75,Mercari App for Android code execution,"Mercari App for Android could allow a remote attacker to execute arbitrary code on the system, caused by improper restrictions on addJavascriptInterface of WebView class. By using man-in-the-middle attack techniques, an attacker could exploit this vulnerability to execute arbitrary arbitrary method of a Java object.",Unproven,5,CVE-2020-5604,Mercari Mercari App for Android 3.51.0,Gain Access,None,Network,High,Low,Low,Low
76,Google APIs google-oauth-java-client security bypass,"Google APIs google-oauth-java-client could allow a remote attacker to bypass security restrictions, caused by no PKCE support implemented. By executing a specially-crafted application, an attacker could exploit this vulnerability to obtain the authorization code, and gain authorization to the protected resource.",Unproven,7.4,CVE-2020-7692,Google APIs google-oauth-java-client 1.30.6,Bypass Security,None,Network,High,High,High,None
77,DigDash privilege escalation,"DigDash could allow a remote attacker to gain elevated privileges on the system, caused by injecting a JNLP file used to run Java applications. An attacker could exploit this vulnerability to execute malicious a Java-packaged application on the user's computer.",High,6.3,CVE-2020-13651,DigDash DigDash 2019R1,Gain Privileges,None,Network,Low,Low,Low,Low
78,SAP NetWeaver AS Java via P4 Protocol security bypass,"SAP NetWeaver AS Java via P4 Protocol could allow a remote authenticated attacker to bypass security restrictions, caused by improper authentication validation. By sending a specially-crafted request, an attacker could exploit this vulnerability to bypass access restrictions.",Unproven,5.2,CVE-2020-6263,SAP NetWeaver AS JAVA SAP-JEECOR 7.00,Bypass Security,High,Adjacent Network,Low,Low,None,High
79,Apache Unomi code execution,"Apache Unomi could allow a remote attacker to execute arbitrary code on the system, caused by an issue with allowing OGNL scripting in some conditions. By sending a specially-crafted request, an attacker could exploit this vulnerability to execute arbitrary code with the permission level of the running Java process.",Unproven,9.8,CVE-2020-11975,Apache Unomi 1.5,Gain Access,None,Network,Low,High,High,High
80,Cisco Unified Contact Center Express code execution,"Cisco Unified Contact Center Express could allow a remote attacker to execute arbitrary code on the system, caused by an unsafe deserialization in the Java Remote Management Interface. By sending specially-crafted serialized Java object, an attacker could exploit this vulnerability to execute arbitrary code as root on the system.",Unproven,9.8,CVE-2020-3280,Cisco Unified Contact Center Express,Gain Access,None,Network,Low,High,High,High
81,Smartbear Protection Licensing Toolkit ReadyAPI code execution,"Smartbear Protection Licensing Toolkit ReadyAPI could allow a remote authenticated attacker to execute arbitrary code on the system, caused by an unsafe deserialization in the Java RMI component. By sending specially-crafted input, an attacker could exploit this vulnerability to execute arbitrary code on the system.",Unproven,9.8,CVE-2020-12835,SmartBear Protection Licensing Toolkit ReadyAPI 3.2.5,Gain Access,None,Network,Low,High,High,High
82,Apache Camel RabbitMQ code execution,"Apache Camel could allow a remote attacker to execute arbitrary code on the system, caused by an unsafe deserialization in the Java application component in RabbitMQ. By sending specially-crafted input, an attacker could exploit this vulnerability to execute arbitrary code on the system.",Unproven,9.8,CVE-2020-11972,Apache Camel 2.22.0,Gain Access,None,Network,Low,High,High,High
83,Apache Camel Netty code execution,"Apache Camel could allow a remote attacker to execute arbitrary code on the system, caused by an unsafe deserialization in the Java application component in Netty. By sending specially-crafted input, an attacker could exploit this vulnerability to execute arbitrary code on the system.",Unproven,9.8,CVE-2020-11973,Apache Camel 2.22.0,Gain Access,None,Network,Low,High,High,High
84,Liferay Portal code execution,"Liferay Portal could allow a remote attacker to execute arbitrary code on the system, caused by Java deserialization vulnerability in clustered setup. By using man-in-the-middle techniques, an attacker could exploit this vulnerability to execute arbitrary code on the system.",Unproven,8.1,CVE-2020-15842,Liferay Liferay Portal 7.2,Gain Access,None,Network,High,High,High,High
85,Multipel Zoho ManageEngine products security bypass,"Multipel Zoho ManageEngine products could allow a remote attacker to bypass security restrictions, caused by improper authentication by the Java servlet com.manageengine.ads.fw.servlet.UpdateProductDetails. By modifying the system integration properties, an attacker could exploit this vulnerability to bypass authentication and gain full ManageEngine suite access.",Unproven,9.8,CVE-2020-24786,Zoho ManageEngine Exchange Reporter Plus,Bypass Security,None,Network,Low,High,High,High
86,Java-WebSocket man-in-the-middle,"Java-WebSocket is vulnerable to a man-in-the-middle attack, caused by improper SSL hostname validation. An attacker could exploit this vulnerability to launch a man-in-the-middle attack and gain access to the communication channel between endpoints to obtain sensitive information or further compromise the system.",Unproven,5.3,CVE-2020-11050,Java-WebSocket Java-WebSocket 1.4.1,Obtain Information,None,Network,High,High,None,None
87,Furukawa Electric ConsciusMAP code execution,"Furukawa Electric ConsciusMAP could allow a remote attacker to execute arbitrary code on the system, caused by a Java deserialization flaw. By sending a specially crafted request, an attacker could exploit this vulnerability to execute arbitrary code on the system.",Proof of Concept,9.8,CVE-2020-12133,Furukawa Electric ConsciusMAP 2.8.1,Gain Access,None,Network,Low,High,High,High
88,JetStream Bond JetSelect privilege escalation,"JetStream Bond JetSelect could allow a remote authenticated attacker to gain elevated privileges on the system, caused by a flaw in the Java class (ENCtool.jar) and corresponding password generation algorithm. By obtaining the passwords of JetSelect administrators, an authenticated attacker could exploit this vulnerability to gain elevated privileges to modify and delete all networking configuration.",Unproven,8.8,CVE-2019-13022,JetStream Bond JetSelect,Gain Privileges,Low,Network,Low,High,High,High
89,SAP NetWeaver AS Java (HTTP Service) information disclosure,"SAP NetWeaver AS Java (HTTP Service) could allow a remote authenticated attacker to obtain sensitive information, caused by the sending of login credentials when user logs in. By sending a specially-crafted request, an attacker could exploit this vulnerability to obtain sensitive information, and use this information to launch further attacks against the affected system.",Unproven,6.8,CVE-2020-6224,SAP NetWeaver AS Java (HTTP Service) 7.10,Obtain Information,High,Network,Low,High,None,None
90,Oracle Java SE Advanced Management Console information disclosure,An unspecified vulnerability in Oracle Java SE related to the Java SE Advanced Management Console component could allow an unauthenticated attacker to obtain sensitive information resulting in a low confidentiality impact using unknown attack vectors.,Unproven,3.7,CVE-2020-2764,Oracle Java Java Advanced Management Console: 2.16,Obtain Information,None,Network,High,Low,None,None
91,Oracle Database Server Java VM  unspecified,An unspecified vulnerability in Oracle Database Server related to the Java VM  component could allow an authenticated attacker to take control of the system.,Unproven,8,CVE-2020-2735,Oracle Database Server 11.2.0.4,Other,Low,Network,High,High,High,High
92,"Oracle Java SE, Java SE Embedded Lightweight HTTP Server unspecified","An unspecified vulnerability in Oracle Java SE related to the Java SE, Java SE Embedded Lightweight HTTP Server component could allow an unauthenticated attacker to cause low confidentiality impact, low integrity impact, and no availability impact.",Unproven,4.8,CVE-2020-2800,Oracle Java 11.0.6,Other,None,Network,High,Low,Low,None
93,"Oracle Java SE, Java SE Embedded Serialization denial of service","An unspecified vulnerability in Oracle Java SE related to the Java SE, Java SE Embedded Serialization component could allow an unauthenticated attacker to cause a denial of service resulting in a low availability impact using unknown attack vectors.",Unproven,3.7,CVE-2020-2756,Oracle Java 11.0.6,Denial of Service,None,Network,High,None,None,Low
94,"Oracle Java SE, Java SE Embedded Concurrency denial of service","An unspecified vulnerability in Oracle Java SE related to the Java SE, Java SE Embedded Concurrency component could allow an unauthenticated attacker to cause a denial of service resulting in a low availability impact using unknown attack vectors.",Unproven,5.3,CVE-2020-2830,Oracle Java 11.0.6,Denial of Service,None,Network,Low,None,None,Low
95,"Oracle Java SE, Java SE Embedded Libraries unspecified","An unspecified vulnerability in Oracle Java SE related to the Java SE, Java SE Embedded Libraries component could allow an unauthenticated attacker to take control of the system.",Unproven,8.3,CVE-2020-2805,Oracle Java 11.0.6,Other,None,Network,High,High,High,High
96,Oracle Java SE JSSE unspecified,"An unspecified vulnerability in Oracle Java SE related to the Java SE JSSE component could allow an unauthenticated attacker to cause low confidentiality impact, low integrity impact, and no availability impact.",Unproven,4.8,CVE-2020-2767,Oracle Java 14,Other,None,Network,High,Low,Low,None
97,Oracle Java SE JSSE unspecified,"An unspecified vulnerability in Oracle Java SE related to the Java SE JSSE component could allow an unauthenticated attacker to cause no confidentiality impact, high integrity impact, and no availability impact.",Unproven,7.5,CVE-2020-2816,Oracle Java 14,Other,None,Network,Low,None,High,None
98,"Oracle Java SE, Java SE Embedded Serialization denial of service","An unspecified vulnerability in Oracle Java SE related to the Java SE, Java SE Embedded Serialization component could allow an unauthenticated attacker to cause a denial of service resulting in a low availability impact using unknown attack vectors.",Unproven,3.7,CVE-2020-2757,Oracle Java 11.0.6,Denial of Service,None,Network,High,None,None,Low
99,"Oracle Java SE, Java SE Embedded Scripting denial of service","An unspecified vulnerability in Oracle Java SE related to the Java SE, Java SE Embedded Scripting component could allow an unauthenticated attacker to cause a denial of service resulting in a low availability impact using unknown attack vectors.",Unproven,3.7,CVE-2020-2755,Oracle Java 11.0.6,Denial of Service,None,Network,High,None,None,Low
100,"Oracle Java SE, Java SE Embedded Scripting denial of service","An unspecified vulnerability in Oracle Java SE related to the Java SE, Java SE Embedded Scripting component could allow an unauthenticated attacker to cause a denial of service resulting in a low availability impact using unknown attack vectors.",Unproven,3.7,CVE-2020-2754,Oracle Java 11.0.6,Denial of Service,None,Network,High,None,None,Low
101,Oracle Java SE JSSE information disclosure,An unspecified vulnerability in Oracle Java SE related to the Java SE JSSE component could allow an unauthenticated attacker to obtain sensitive information resulting in a low confidentiality impact using unknown attack vectors.,Unproven,3.7,CVE-2020-2778,Oracle Java 14,Obtain Information,None,Network,High,Low,None,None
102,"Oracle Java SE, Java SE Embedded JSSE denial of service","An unspecified vulnerability in Oracle Java SE related to the Java SE, Java SE Embedded JSSE component could allow an unauthenticated attacker to cause a denial of service resulting in a low availability impact using unknown attack vectors.",Unproven,5.3,CVE-2020-2781,Oracle Java 11.0.6,Denial of Service,None,Network,Low,None,None,Low
103,Oracle Java SE multiple products unspecified,An unspecified vulnerability in multiple Oracle products could allow an unauthenticated attacker to take control of the system.,Unproven,8.3,CVE-2020-2803,Oracle GraalVM 19.3.1 Enterprise,Other,None,Network,High,High,High,High
104,"Oracle Java SE, Java SE Embedded Security denial of service","An unspecified vulnerability in Oracle Java SE related to the Java SE, Java SE Embedded Security component could allow an unauthenticated attacker to cause a denial of service resulting in a low availability impact using unknown attack vectors.",Unproven,3.7,CVE-2020-2773,Oracle Java 11.0.6,Denial of Service,None,Network,High,None,None,Low
105,codeBeamer code execution,"codeBeamer could allow a remote attacker to execute arbitrary code on the system, caused by the failure to properly restrict the ability to execute custom Java code. By sending a specially crafted request, an attacker could exploit this vulnerability to execute arbitrary code on the system.",Unproven,9.8,CVE-2019-20635,Intland codeBeamer 9.5,Gain Access,None,Network,Low,High,High,High
106,IBM Process Federation Server denial of service,"The IBM Process Federation Server 18.0.0.1, 18.0.0.2, 19.0.0.1, 19.0.0.2, and 19.0.0.3 Global Teams REST API does not properly shutdown the thread pools that it creates to retrieve Global Teams information from the federated systems. As a consequence, the Java Virtual Machine can't recover the memory used by those thread pools, which leads to an OutOfMemory exception when the Process Federation Server Global Teams REST API is used extensively.  IBM X-Force ID:  177596.",Unproven,6.5,CVE-2020-4325 ,IBM Automation Workstream Services in Cloud Pak for Automation 19.0.0.3,Denial of Service,Low,Network,Low,None,None,High
107,Netflix Titus code execution,"Netflix Titus could allow a remote attacker to execute arbitrary code on the system, caused by server-side template injection in the Java Bean Validation (JSR 380) custom constraint validators. By sending specially crafted data, an attacker could exploit this vulnerability to execute arbitrary code on the system.",Unproven,9.8,CVE-2020-9297,Netflix Titus,Gain Access,None,Network,Low,High,High,High
108,SAP NetWeaver Application Server Java (User Management Engine) denial of service,"SAP NetWeaver Application Server Java (User Management Engine) is vulnerable to a denial of service, caused by improper handling of XML external entity (XXE) declarations. By sending a specially-crafted request, a remote authenticated attacker could exploit this vulnerability to cause a denial of service condition.",Unproven,5.5,CVE-2020-6202,SAP NetWeaver Application Server Java (User Management Engine) 7.10,Denial of Service,High,Network,Low,None,Low,Low
109,Dell Security Management Server code execution,"Dell Security Management Server could allow a remote authenticated attacker to execute arbitrary code on the system, caused by an unsafe deserialization in Java RMI. By sending specially-crafted RMI request, an attacker could exploit this vulnerability to execute arbitrary code on the system.",Unproven,8.1,CVE-2020-5327,Dell Security Management Server 10.2,Gain Access,None,Network,High,High,High,High
110,UNCTAD ASYCUDA World code execution,"UNCTAD ASYCUDA World could allow a remote attacker to execute arbitrary code on the system, caused by an insecure default configuration in Java RMI Server. By sending a specially crafted request, an attacker could exploit this vulnerability to execute arbitrary code on the system.",Unproven,9.8,CVE-2020-9761,UNCTAD ASYCUDA World 2001,Gain Access,None,Network,Low,High,High,High
111,Aruba Networks AirWave Management Platform code execution,"Aruba Networks AirWave Management Platform could allow a remote authenticated attacker to execute arbitrary code on the system, caused by an unsafe deserialization in the Java application component. By sending specially-crafted input, an attacker could exploit this vulnerability to execute arbitrary code on the system.",Unproven,6.3,CVE-2019-5326,Aruba Networks AirWave Management Platform 8.0,Gain Access,Low,Network,Low,Low,Low,Low
112,Dropwizard-Validation code execution,"Dropwizard-Validation could allow a remote authenticated attacker to execute arbitrary code on the system, caused by a flaw in the self-validating feature. By injecting arbitrary Java Expression Language expressions, an attacker could exploit this vulnerability to execute arbitrary code on the system.",Unproven,8.8,CVE-2020-5245,Dropwizard Dropwizard-Validation 1.3.18,Gain Access,Low,Network,Low,High,High,High
113,Couchbase Server Java SDK security bypass,"Couchbase Server Java SDK could allow a remote attacker to bypass security restrictions, caused by missing hostname verification. By sending a specially crafted certificate, an attacker could exploit this vulnerability to forge an SSL certificate and pose as the intended peer.",Unproven,7.5,CVE-2020-9040,Couchbase Server Java SDK 2.7.1.0,Bypass Security,None,Network,Low,None,High,None
114,SAP NetWeaver AS Java (Heap Dump Application) information disclosure,"SAP NetWeaver AS Java (Heap Dump Application) could allow a remote attacker to obtain sensitive information, caused by a flaw in certain endpoints. By sending a specially-crafted request, an attacker could exploit this vulnerability to obtain sensitive information, and use this information to launch further attacks against the affected system.",Unproven,5.3,CVE-2020-6190,SAP NetWeaver AS Java (Heap Dump Application) 7.30,Obtain Information,None,Network,Low,Low,None,None
115,IBM Java code execution,"IBM SDK, Java Technology Edition Version 7.0.0.0 through 7.0.10.55, 7.1.0.0 through 7.1.4.55, and 8.0.0.0 through 8.0.6.0 could allow a local authenticated attacker to execute arbitrary code on the system, caused by DLL search order hijacking vulnerability in Microsoft Windows client. By placing a specially-crafted file in a compromised folder, an attacker could exploit this vulnerability to execute arbitrary code on the system.  IBM X-Force ID:  172618.",Unproven,7.2,CVE-2019-4732,IBM Java 7.0.0.0,Gain Privileges,High,Local,High,High,High,High
116,Oracle Java SE JavaFX unspecified,"An unspecified vulnerability in Oracle Java SE related to the Java SE JavaFX component could allow an unauthenticated attacker to cause no confidentiality impact, high integrity impact, and no availability impact.",Unproven,5.9,CVE-2020-2585,,Other,None,Network,High,None,High,None
117,Oracle Database Server Java VM  unspecified,An unspecified vulnerability in Oracle Database Server related to the Java VM  component could allow an authenticated attacker to take control of the system.,Unproven,7.5,CVE-2020-2518,Oracle Database Server 11.2.0.4,Other,Low,Network,High,High,High,High
118,Oracle Java SE Libraries denial of service,An unspecified vulnerability in Oracle Java SE related to the Java SE Libraries component could allow an unauthenticated attacker to cause a denial of service resulting in a low availability impact using unknown attack vectors.,Unproven,3.7,CVE-2020-2654,Oracle OpenJDK 7 u241,Denial of Service,None,Network,High,None,None,Low
119,"Oracle Java SE, Java SE Embedded Security information disclosure","An unspecified vulnerability in Oracle Java SE related to the Java SE, Java SE Embedded Security component could allow an unauthenticated attacker to obtain sensitive information resulting in a high confidentiality impact using unknown attack vectors.",Unproven,6.8,CVE-2020-2601,Oracle OpenJDK 7 u241,Obtain Information,None,Network,High,High,None,None
120,"Oracle Java SE, Java SE Embedded Networking unspecified","An unspecified vulnerability in Oracle Java SE related to the Java SE, Java SE Embedded Networking component could allow an unauthenticated attacker to cause low confidentiality impact, low integrity impact, and no availability impact.",Unproven,4.8,CVE-2020-2593,Oracle OpenJDK 7 u241,Other,None,Network,High,Low,Low,None
121,"Oracle Java SE, Java SE Embedded Serialization denial of service","An unspecified vulnerability in Oracle Java SE related to the Java SE, Java SE Embedded Serialization component could allow an unauthenticated attacker to cause a denial of service resulting in a low availability impact using unknown attack vectors.",Unproven,3.7,CVE-2020-2583,Oracle OpenJDK 7 u241,Denial of Service,None,Network,High,None,None,Low
122,Oracle Java SE JSSE unspecified,"An unspecified vulnerability in Oracle Java SE related to the Java SE JSSE component could allow an unauthenticated attacker to cause low confidentiality impact, low integrity impact, and no availability impact.",Unproven,4.8,CVE-2020-2655,Oracle OpenJDK 11.0.5,Other,None,Network,High,Low,Low,None
123,"Oracle Java SE, Java SE Embedded Networking denial of service","An unspecified vulnerability in Oracle Java SE related to the Java SE, Java SE Embedded Networking component could allow an unauthenticated attacker to cause a denial of service resulting in a low availability impact using unknown attack vectors.",Unproven,3.7,CVE-2020-2659,,Denial of Service,None,Network,High,None,None,Low
124,Oracle Java SE multiple products unspecified,An unspecified vulnerability in multiple Oracle products could allow an unauthenticated attacker to take control of the system.,Unproven,8.1,CVE-2020-2604,Oracle OpenJDK 7 u241,Other,None,Network,High,High,High,High
125,"Oracle Java SE, Java SE Embedded Security unspecified","An unspecified vulnerability in Oracle Java SE related to the Java SE, Java SE Embedded Security component could allow an unauthenticated attacker to cause no confidentiality impact, low integrity impact, and no availability impact.",Unproven,3.7,CVE-2020-2590,Oracle OpenJDK 7 u241,Other,None,Network,High,None,Low,None
126,Multiple Divisa products code execution,"Multiple Divisa products could allow a remote attacker to execute arbitrary code on the system, caused by improper Java deserialization. By sending a specially crafted payload, an attacker could exploit this vulnerability to execute arbitrary code on the system.",Unproven,9.8,CVE-2019-18956,Divisa Proxia Suite,Gain Access,None,Network,Low,High,High,High
127,Dell RSA Identity Governance and Lifecycle software security bypass,"Dell RSA Identity Governance and Lifecycle software could allow a remote attacker to bypass security restrictions, caused by the use of plain text password authentication by the Java JMX agent running on the remote host. By sending a specially-crafted request, an attacker could exploit this vulnerability to connect to the JMX agent and monitor and manage the Java application.",Unproven,8.3,CVE-2019-18572,Dell RSA Identity Governance and Lifecycle software 7.0.1,Bypass Security,None,Network,Low,High,High,Low
128,Dell EMC Storage Monitoring and Reporting code execution,"Dell EMC Storage Monitoring and Reporting could allow a remote attacker to execute arbitrary code on the system, caused by the deserialization of untrusted data in the Java RMI service. By sending specially-crafted RMI request, an attacker could exploit this vulnerability to execute arbitrary code with SYSTEM privileges.",Unproven,9.8,CVE-2019-18580,Dell EMC Storage Monitoring and Reporting 4.3.1,Gain Access,None,Network,Low,High,High,High
129,Apache NiFi information disclosure,"Apache NiFi could allow a remote authenticated attacker to obtain sensitive information, caused by improper handling of XML External Entity (XXE) by the XMLFileLookupService. By using a specially-crafted XML file, a remote attacker could exploit this vulnerability to obtain information such as the versions of Java, Jersey, and Apache that the NiFI instance uses.",Unproven,4.3,CVE-2019-10080,Apache NiFi 1.3.0,Obtain Information,Low,Network,Low,Low,None,None
130,SAP NetWeaver AS Java information disclosure,"SAP NetWeaver AS Java could allow a remote authenticated attacker to obtain sensitive information, caused by improper access control. By sending a specially-crafted request, an attacker could exploit this vulnerability to obtain sensitive information, and use this information to launch further attacks against the affected system.",High,4.3,CVE-2019-0391,SAP NetWeaver AS JAVA 7.5,Obtain Information,Low,Network,Low,Low,None,None
131,SAP NetWeaver Application Server Java privilege escalation,"SAP NetWeaver Application Server Java could allow a remote authenticated attacker to gain elevated privileges on the system, caused by improper access control. By sending a specially-crafted request, an authenticated attacker could exploit this vulnerability to change privileges for all or some functions in Java Server, and enable users to execute functions.",Unproven,5.9,CVE-2019-0389,SAP NetWeaver Application Server Java (J2EE-Framework) 7.1,Gain Privileges,Low,Network,High,Low,Low,High
132,JetBrains TeamCity code execution,"JetBrains TeamCity could allow a remote attacker to execute arbitrary code on the system, caused by insecure Java deserialization. An attacker could exploit this vulnerability to execute arbitrary code on the system.",Unproven,9.8,CVE-2019-18364,JetBrains TeamCity 2019.1.3,Gain Access,None,Network,Low,High,High,High
133,Shibboleth Identity Provider denial of service,"Shibboleth Identify Provider is vulnerable to a denilal of service, caused by the creation of objects in the Java Servlet container session. An attacker could exploit this vulnerability to cause a login flow to trigger Java heap exhaustion.",Unproven,7.5,CVE-2020-27978,Shibboleth Identity Provider 3.0.0,Denial of Service,None,Network,Low,None,None,High
134,MuleSoft Mule runtime code execution,"MuleSoft Mule runtime could allow a remote attacker to execute arbitrary code on the system, caused by Java deserialization, related to Apache Commons Collections. By sending a specially-crafted request, an attacker could exploit this vulnerability to execute arbitrary code on the system.",Unproven,9.8,CVE-2019-13116,MuleSoft Mule runtime 3.7,Gain Access,None,Network,Low,High,High,High
135,Oracle Database Server Java VM unspecified,"An unspecified vulnerability in Oracle Database Server related to the Java VM component could allow an unauthenticated attacker to cause no confidentiality impact, high integrity impact, and no availability impact.",Unproven,6.8,CVE-2019-2909,Oracle Database Server 11.2.0.4,Other,None,Network,High,None,High,None
136,"Oracle Java SE, Java SE Embedded denial of service","An unspecified vulnerability in Oracle Java SE, Java SE Embedded related to the 2D component could allow an unauthenticated attacker to cause a denial of service resulting in a low availability impact using unknown attack vectors.",Unproven,3.7,CVE-2019-2988,Oracle Java 11.0.4,Denial of Service,None,Network,High,None,None,Low
137,"Oracle Java SE, Java SE Embedded denial of service","An unspecified vulnerability in Oracle Java SE, Java SE Embedded related to the Networking component could allow an unauthenticated attacker to cause a denial of service resulting in a low availability impact using unknown attack vectors.",Unproven,3.1,CVE-2019-2945,Oracle Java 11.0.4,Denial of Service,None,Network,High,None,None,Low
138,Oracle Java SE unspecified,"An unspecified vulnerability in Oracle Java SE related to the Javadoc component could allow an unauthenticated attacker to cause low confidentiality impact, low integrity impact, and no availability impact.",Unproven,4.7,CVE-2019-2999,Oracle Java 11.0.4,Other,None,Network,High,Low,Low,None
139,"Oracle Java SE, Java SE Embedded denial of service","An unspecified vulnerability in Oracle Java SE, Java SE Embedded related to the JAXP component could allow an unauthenticated attacker to cause a denial of service resulting in a low availability impact using unknown attack vectors.",Unproven,3.7,CVE-2019-2981,Oracle Java 11.0.4,Denial of Service,None,Network,High,None,None,Low
140,"Oracle Java SE, Java SE Embedded denial of service","An unspecified vulnerability in Oracle Java SE, Java SE Embedded related to the Concurrency component could allow an unauthenticated attacker to cause a denial of service resulting in a low availability impact using unknown attack vectors.",Unproven,3.7,CVE-2019-2964,Oracle Java 11.0.4,Denial of Service,None,Network,High,None,None,Low
141,"Oracle Java SE, Java SE Embedded denial of service","An unspecified vulnerability in Oracle Java SE, Java SE Embedded related to the JAXP component could allow an unauthenticated attacker to cause a denial of service resulting in a low availability impact using unknown attack vectors.",Unproven,3.7,CVE-2019-2973,Oracle Java 11.0.4,Denial of Service,None,Network,High,None,None,Low
142,"Oracle Java SE, Java SE Embedded denial of service","An unspecified vulnerability in Oracle Java SE, Java SE Embedded related to the 2D component could allow an unauthenticated attacker to cause a denial of service resulting in a low availability impact using unknown attack vectors.",Unproven,3.7,CVE-2019-2992,Oracle Java 11.0.4,Denial of Service,None,Network,High,None,None,Low
143,"Java SE, Java SE Embedded Oracle Java SE information disclosure","An unspecified vulnerability in Java SE, Java SE Embedded Oracle Java SE related to the Security component could allow an unauthenticated attacker to obtain sensitive information resulting in a low confidentiality impact using unknown attack vectors.",Unproven,3.7,CVE-2019-2894,Oracle Java 11.0.4,Obtain Information,None,Network,High,Low,None,None
144,Oracle Java SE denial of service,An unspecified vulnerability in Oracle Java SE related to the 2D component could allow an unauthenticated attacker to cause a denial of service resulting in a low availability impact using unknown attack vectors.,Unproven,3.7,CVE-2019-2987,Oracle Java 13,Denial of Service,None,Network,High,None,None,Low
145,Oracle Java SE unspecified,"An unspecified vulnerability in Oracle Java SE related to the Hotspot component could allow an unauthenticated attacker to cause low confidentiality impact, no integrity impact, and low availability impact.",Unproven,4.8,CVE-2019-2977,Oracle Java 13,Other,None,Network,High,Low,None,Low
146,"Oracle Java SE, Java SE Embedded unspecified","An unspecified vulnerability in Oracle Java SE, Java SE Embedded related to the Scripting component could allow an unauthenticated attacker to cause no confidentiality impact, low integrity impact, and low availability impact.",Unproven,4.8,CVE-2019-2975,Oracle Java 11.0.4,Other,None,Network,High,None,Low,Low
147,"Java SE, Java SE Embedded information disclosure","An unspecified vulnerability in Java SE, Java SE Embedded related to the Libraries component could allow an unauthenticated attacker to obtain sensitive information resulting in a low confidentiality impact using unknown attack vectors.",Unproven,3.1,CVE-2019-2933,Oracle Java 11.0.4,Obtain Information,None,Network,High,Low,None,None
148,"Oracle Java SE, Java SE Embedded denial of service","An unspecified vulnerability in Oracle Java SE, Java SE Embedded related to the Serialization component could allow an unauthenticated attacker to cause a denial of service resulting in a low availability impact using unknown attack vectors.",Unproven,3.7,CVE-2019-2983,Oracle Java 11.0.4,Denial of Service,None,Network,High,None,None,Low
149,"Oracle Java SE, Java SE Embedded denial of service","An unspecified vulnerability in Oracle Java SE, Java SE Embedded related to the 2D component could allow an unauthenticated attacker to cause a denial of service resulting in a low availability impact using unknown attack vectors.",Unproven,3.7,CVE-2019-2962,Oracle Java 11.0.4,Denial of Service,None,Network,High,None,None,Low
150,"Oracle Java SE, Java SE Embedded unspecified","An unspecified vulnerability in Oracle Java SE, Java SE Embedded related to the Libraries component could allow an unauthenticated attacker to cause no confidentiality impact, high integrity impact, and no availability impact.",Unproven,5.9,CVE-2019-2958,Oracle Java 11.0.4,Other,None,Network,High,None,High,None
151,"Oracle Java SE, Java SE Embedded information disclosure","An unspecified vulnerability in Oracle Java SE, Java SE Embedded related to the Kerberos component could allow an unauthenticated attacker to obtain sensitive information resulting in a high confidentiality impact using unknown attack vectors.",Unproven,6.8,CVE-2019-2949,Oracle Java 11.0.4,Obtain Information,None,Network,High,High,None,None
152,"Oracle Java SE, Java SE Embedded unspecified","An unspecified vulnerability in Oracle Java SE, Java SE Embedded related to the Deployment component could allow an unauthenticated attacker to cause low confidentiality impact, low integrity impact, and no availability impact.",Unproven,4.2,CVE-2019-2996,Oracle Java SE Embedded 8 u221,Other,None,Network,High,Low,Low,None
153,"Oracle Java SE, Java SE Embedded denial of service","An unspecified vulnerability in Oracle Java SE, Java SE Embedded related to the Networking component could allow an unauthenticated attacker to cause a denial of service resulting in a low availability impact using unknown attack vectors.",Unproven,3.7,CVE-2019-2978,Oracle Java 11.0.4,Denial of Service,None,Network,High,None,None,Low
154,Cisco Security Manager command execution,"Cisco Security Manager could allow a remote attacker to execute arbitrary commands on the system, caused by insecure deserialization of user-supplied content by the Java deserialization function. By sending a malicious serialized Java object to a specific listener, an attacker could exploit this vulnerability to execute arbitrary commands on the system.",Unproven,6.5,CVE-2019-12630,Cisco Security Manager 4.17,Gain Access,None,Network,Low,Low,Low,None
155,Eclipse Paho Java client security bypass,"Eclipse Paho Java client could allow a remote attacker to bypass security restrictions, caused by the failure to check the result when connecting to an MQTT server using TLS and setting a host name verifier. By sending a specially-crafted request, an attacker could exploit this vulnerability to allow one MQTT server to impersonate another and provide the client library with incorrect information.",Unproven,7.5,CVE-2019-11777,Eclipse Paho Java Client 1.2.0,Bypass Security,None,Network,Low,None,High,None
156,SAP NetWeaver AS for Java (Web Container) code execution,"SAP NetWeaver AS for Java (Web Container) could allow a remote authenticated attacker to execute arbitrary code on the system, caused by a code injection flaw. By sending specially-crafted request, an attacker could exploit this vulnerability to execute arbitrary code on the system.",Unproven,9.1,CVE-2019-0355,SAP NetWeaver AS for Java (Web Container) 7.10,Gain Access,High,Network,Low,High,High,High
157,Apache OFBiz code execution,"Apache OFBiz could allow a remote attacker to execute arbitrary code on the system, caused by an error in the java.io.ObjectInputStream. By using Java deserialization, an attacker could exploit this vulnerability to delete arbitrary files and execute arbitrary code on the system.",Unproven,7.3,CVE-2019-0189,Apache OFBiz 16.11.01,Gain Access,None,Network,Low,Low,Low,Low
158,NSA Ghidra XXE information disclosure,"NSA Ghidra could allow a remote authenticated attacker to obtain sensitive information, caused by an XML external entity (XXE) vulnerability in the JnlpSupport in Yet Another Java Service Wrapper (YAJSW). By sending a specially-crafted XML file, a remote attacker could exploit this vulnerability to exfiltrate data from remote hosts and potentially cause denial-of-service.",Unproven,6.5,CVE-2020-6958,NSA Ghidra,Obtain Information,None,Network,Low,Low,None,Low
159,Apache Santuario XML Security for Java weak security,"Apache Santuario XML Security for Java could allow a remote attacker to bypass security restrictions, caused by the loading of XML parsing code from an untrusted source. An attacker could exploit this vulnerability to launch further attacks on the system when validating signed documents.",Unproven,5.3,CVE-2019-12400,Apache Santuario Apache Santuario XML Security for Java 2.0.0,Gain Access,None,Network,Low,None,Low,None
160,SAP NetWeaver Application Server for Java (Administrator System Overview) server-side request forgery,"SAP NetWeaver Application Server for Java (Administrator System Overview) is vulnerable to server-side request forgery, caused by a flaw in the web service. By using a specially-crafted XML file, an attacker could exploit this vulnerability to conduct SSRF attack.",Unproven,9,CVE-2019-0345,SAP NetWeaver Application Server for Java (Administrator System Overview) 7.30,Gain Access,None,Network,High,High,High,High
161,SAP NetWeaver Process Integration (Java Proxy Runtime) cross-site scripting,"SAP NetWeaver Process Integration (Java Proxy Runtime) is vulnerable to cross-site scripting, caused by improper validation of user-supplied input. A remote attacker could exploit this vulnerability using a specially-crafted URL to execute script in a victim's Web browser within the security context of the hosting Web site, once the URL is clicked. An attacker could use this vulnerability to steal the victim's cookie-based authentication credentials.",High,6.1,CVE-2019-0337,SAP NetWeaver Process Integration (Java Proxy Runtime) 7.10,Cross-Site Scripting,None,Network,Low,Low,Low,None
162,IBM Java privilege escalation,"Multiple binaries in IBM SDK, Java Technology Edition 7, 7R, and 8 on the AIX platform use insecure absolute RPATHs, which may facilitate code injection and privilege elevation by local users.  IBM X-Force ID:  163984.",Unproven,8.4,CVE-2019-4473,IBM Java 7,Gain Privileges,None,Local,Low,High,High,High
163,Eclipse OpenJ9 String.getBytes privilege escalation,"Eclipse OpenJ9 could allow a local attacker to gain elevated privileges on the system, caused by an out-of-bounds write in the String.getBytes method. An attacker could exploit this vulnerability to corrupt memory and write to any 32-bit address or beyond the end of a byte array within Java code run under a SecurityManager.",Unproven,8.4,CVE-2019-11772,IBM and Eclipse Foundation OpenJ9 0.11,Gain Privileges,None,Local,Low,High,High,High
164,Oracle Database Server Java VM  unspecified,"An unspecified vulnerability in Oracle Database Server related to the Java VM  component could allow an authenticated attacker to cause no confidentiality impact, high integrity impact, and high availability impact.",Unproven,6.8,CVE-2019-2749,Oracle Database Server 11.2.0.4,Other,Low,Network,High,None,High,High
165,Oracle GraalVM Enterprise Edition Java unspecified,"An unspecified vulnerability in Oracle GraalVM related to the GraalVM Enterprise Edition Java component could allow an unauthenticated attacker to cause no confidentiality impact, high integrity impact, and high availability impact.",Unproven,6.8,CVE-2019-2862,Oracle Financial Services Regulatory Reporting for European Banking Authority 8.0.6,Other,None,Network,High,None,High,High
166,Oracle Java SE Security information disclosure,An unspecified vulnerability in Oracle Java SE related to the Java SE Security component could allow an unauthenticated attacker to obtain sensitive information resulting in a high confidentiality impact using unknown attack vectors.,Unproven,5.1,CVE-2019-2745,Oracle Java 11.0.3,Obtain Information,None,Local,High,High,None,None
167,Oracle Java SE JSSE information disclosure,An unspecified vulnerability in Oracle Java SE related to the Java SE JSSE component could allow an unauthenticated attacker to obtain sensitive information resulting in a high confidentiality impact using unknown attack vectors.,Unproven,5.3,CVE-2019-2821,Oracle Java SE 11.0.3,Obtain Information,None,Network,High,High,None,None
168,Oracle Java SE Security information disclosure,An unspecified vulnerability in Oracle Java SE related to the Java SE Security component could allow an unauthenticated attacker to obtain sensitive information resulting in a low confidentiality impact using unknown attack vectors.,Unproven,3.1,CVE-2019-2818,Oracle Java SE 11.0.3,Obtain Information,None,Network,High,Low,None,None
169,Oracle Java SE JCE denial of service,An unspecified vulnerability in Oracle Java SE related to the Java SE JCE component could allow an unauthenticated attacker to cause a denial of service resulting in a low availability impact using unknown attack vectors.,Unproven,3.7,CVE-2019-2842,Oracle Java SE 8 u212,Denial of Service,None,Network,High,None,None,Low
170,"Oracle Java SE, Java SE Embedded Networking information disclosure","An unspecified vulnerability in Oracle Java SE related to the Java SE, Java SE Embedded Networking component could allow an unauthenticated attacker to obtain sensitive information resulting in a low confidentiality impact using unknown attack vectors.",Unproven,3.1,CVE-2019-2766,Oracle Java 11.0.3,Obtain Information,None,Network,High,Low,None,None
171,"Oracle Java SE, Java SE Embedded Utilities denial of service","An unspecified vulnerability in Oracle Java SE related to the Java SE, Java SE Embedded Utilities component could allow an unauthenticated attacker to cause a denial of service resulting in a low availability impact using unknown attack vectors.",Unproven,5.3,CVE-2019-2769,Oracle Java 11.0.3,Denial of Service,None,Network,Low,None,None,Low
172,"Oracle Java SE, Java SE Embedded Networking unspecified","An unspecified vulnerability in Oracle Java SE related to the Java SE, Java SE Embedded Networking component could allow an unauthenticated attacker to cause low confidentiality impact, low integrity impact, and no availability impact.",Unproven,4.8,CVE-2019-2816,Oracle Java 11.0.3,Other,None,Network,High,Low,Low,None
173,"Oracle Java SE, Java SE Embedded Utilities denial of service","An unspecified vulnerability in Oracle Java SE related to the Java SE, Java SE Embedded Utilities component could allow an unauthenticated attacker to cause a denial of service resulting in a low availability impact using unknown attack vectors.",Unproven,5.3,CVE-2019-2762,Oracle Java 11.0.3,Denial of Service,None,Network,Low,None,None,Low
174,"Oracle Java SE, Java SE Embedded Security information disclosure","An unspecified vulnerability in Oracle Java SE related to the Java SE, Java SE Embedded Security component could allow an unauthenticated attacker to obtain sensitive information resulting in a low confidentiality impact using unknown attack vectors.",Unproven,3.4,CVE-2019-2786,Oracle Java 11.0.3,Obtain Information,None,Network,High,Low,None,None
175,Jeesite ActDao.java SQL injection,"Jeesite is vulnerable to SQL injection. A remote authenticated attacker could send specially-crafted SQL statements to the  src/main/java/com.thinkgem.jeesite/modules/act/ActDao.java, which could allow the attacker to view, add, modify or delete information in the back-end database.",High,5.4,CVE-2019-1010201,Jeesite Jeesite 1.2.7,Data Manipulation,Low,Network,Low,Low,Low,None
176,SAP NetWeaver Application Server for Java (Startup Framework) information disclosure,"SAP NetWeaver Application Server for Java (Startup Framework) could allow a remote attacker to obtain sensitive information, caused by improper access control. By sending a specially-crafted request, an attacker could exploit this vulnerability to obtain sensitive information, and use this information to launch further attacks against the affected system.",Unproven,5.3,CVE-2019-0318,SAP NetWeaver Application Server for Java (Startup Framework) 7.21,Obtain Information,Low,Network,High,High,None,None
177,SAP NetWeaver for Java Application Server (Web Container) file upload,"SAP NetWeaver for Java Application Server (Web Container) could allow a remote authenticated attacker to upload arbitrary files, caused by the improper validation of file extensions. By sending a specially-crafted HTTP request, a remote attacker could exploit this vulnerability to upload a malicious file, which could allow the attacker to execute arbitrary code on the vulnerable system.",Unproven,5.9,CVE-2019-0327,SAP NetWeaver for Java Application Server (Web Container) 7.1,Gain Access,High,Network,Low,Low,Low,Low
178,Akamai CloudTest command execution,"Akamai CloudTest could allow a remote attacker to execute arbitrary command on the system, caused by insecure Java deserialization between certain parameters. By sending a specially-crafted request, an attacker could exploit this vulnerability to execute arbitrary commands on the system.",Unproven,9.8,CVE-2019-11011,Akamai CloudTest 58,Gain Access,None,Network,Low,High,High,High
179,CESICAT accesuniversitat.gencat.cat Java API information disclosure,"CESICAT accesuniversitat.gencat.cat could allow a remote attacker to obtain sensitive information, caused by a flaw in the Java API. By sending a specially-crafted request, an attacker could exploit this vulnerability to obtain registered student's personal information, and use this information to launch further attacks against the affected system.",Unproven,5.3,CVE-2019-12837,CESICAT accesuniversitat.gencat.cat 1.7.5,Obtain Information,None,Network,Low,Low,None,None
180,Mozilla Firefox JNLP code execution,"Mozilla Firefox could allow a remote attacker to execute arbitrary code on the system, caused by the failure to treat files with the .JNLP extension used for ""Java web start"" applications as executabel content. By persuading a victim to visit a specially-crafted Web site, a remote attacker could exploit this vulnerability using unknown attack vectors to execute arbitrary code on the vulnerable system or cause a denial of service.",Unproven,8.8,CVE-2019-11696,Mozilla Firefox 66,Gain Access,None,Network,Low,High,High,High
181,Red Hat Keycloak code execution,"Red Hat Keycloak could allow a remote attacker to execute arbitrary code on the system, caused by the lack of type checks in ObjectInputStream. By sending a specially-crafted request, an attacker could exploit this vulnerability to inject arbitrarily serialized Java Objects and execute arbitrary code on the system.",Unproven,9.8,CVE-2020-1714,Red Hat Keycloak 10.0.0,Gain Access,None,Network,Low,High,High,High
182,Eclipse OpenJ9 Java bytecode verifier denial of service,"Eclipse OpenJ9 is vulnerable to a denial of service, caused by the execution of a method past the end of bytecode array by the Java bytecode verifier. A remote attacker could exploit this vulnerability to cause the application to crash.",Unproven,7.5,CVE-2019-10245,IBM and Eclipse Foundation OpenJ9 0.11,Denial of Service,None,Network,Low,None,None,High
183,Jenkins GitLab Plugin cross-site request forgery,"Jenkins GitLab Plugin is vulnerable to cross-site request forgery, caused by improper validation of user-supplied input by the Java component. By persuading an authenticated user to visit a malicious Web site, a remote attacker could send a malformed HTTP request to perform unauthorized actions. An attacker could exploit this vulnerability to perform cross-site scripting attacks, Web cache poisoning, and other malicious activities.",Unproven,4.2,CVE-2019-10300,Jenkins GitLab Plugin 1.5.11,Gain Access,None,Network,High,Low,Low,None
184,Jenkins XebiaLabs XL Deploy Plugin cross-site request forgery,"Jenkins XebiaLabs XL Deploy Plugin is vulnerable to cross-site request forgery, caused by improper validation of user-supplied input by the Java component. By persuading an authenticated user to visit a malicious Web site, a remote attacker could send a malformed HTTP request to perform unauthorized actions. An attacker could exploit this vulnerability to perform cross-site scripting attacks, Web cache poisoning, and other malicious activities.",Unproven,4.2,CVE-2019-10304,Jenkins XebiaLabs XL Deploy Plugin 7.5.3,Gain Access,None,Network,High,Low,Low,None
185,Oracle Database Server Java VM  unspecified,An unspecified vulnerability in Oracle Database Server related to the Java VM  component could allow an authenticated attacker to take control of the system.,Unproven,7.5,CVE-2019-2518,Oracle Database Server 11.2.0.4,Other,Low,Network,High,High,High,High
186,Oracle Java SE Windows DLL unspecified,An unspecified vulnerability in Oracle Java SE related to the Java SE Windows DLL component could allow an unauthenticated attacker to take control of the system.,Unproven,9,CVE-2019-2699,Oracle Java SE 8 u202,Other,None,Network,High,High,High,High
187,Oracle Java SE 2D unspecified,An unspecified vulnerability in Oracle Java SE related to the Java SE 2D component could allow an unauthenticated attacker to take control of the system.,Unproven,8.1,CVE-2019-2697,Oracle Java SE 7 u211,Other,None,Network,High,High,High,High
188,"Oracle Java SE, Java SE Embedded RMI unspecified","An unspecified vulnerability in Oracle Java SE related to the Java SE, Java SE Embedded RMI component could allow an unauthenticated attacker to cause no confidentiality impact, high integrity impact, and no availability impact.",Unproven,5.9,CVE-2019-2684,Oracle Java 11.0.2,Other,None,Network,High,None,High,None
189,Oracle Java SE 2D unspecified,An unspecified vulnerability in Oracle Java SE related to the Java SE 2D component could allow an unauthenticated attacker to take control of the system.,Proof of Concept,8.1,CVE-2019-2698,Oracle Java SE 7 u211,Other,None,Network,High,High,High,High
190,"Oracle Java SE, Java SE Embedded Libraries denial of service","An unspecified vulnerability in Oracle Java SE related to the Java SE, Java SE Embedded Libraries component could allow an unauthenticated attacker to cause a denial of service resulting in a high availability impact using unknown attack vectors.",Unproven,7.5,CVE-2019-2602,Oracle Java 11.0.2,Denial of Service,None,Network,Low,None,None,High
191,Jenkins Netsparker Cloud Scan Plugin cross-site request forgery,"Jenkins Netsparker Cloud Scan Plugin is vulnerable to cross-site request forgery, caused by improper validation of user-supplied input by the Java component. By persuading an authenticated user to visit a malicious Web site, a remote attacker could send a malformed HTTP request to perform unauthorized actions. An attacker could exploit this vulnerability to perform cross-site scripting attacks, Web cache poisoning, and other malicious activities.",Unproven,4.3,CVE-2019-10289,Jenkins Netsparker Cloud Scan Plugin 1.1.5,Gain Access,None,Network,Low,None,Low,None
192,Jenkins Kmap Plugin cross-site request forgery,"Jenkins Kmap Plugin is vulnerable to cross-site request forgery, caused by improper validation of user-supplied input by the Java component. By persuading an authenticated user to visit a malicious Web site, a remote attacker could send a malformed HTTP request to perform unauthorized actions. An attacker could exploit this vulnerability to perform cross-site scripting attacks, Web cache poisoning, and other malicious activities.",Unproven,4.3,CVE-2019-10292,Jenkins Kmap Plugin,Gain Access,None,Network,Low,None,Low,None
193,Jenkins Gearman Plugin cross-site request forgery,"Jenkins Gearman Plugin is vulnerable to cross-site request forgery, caused by improper validation of user-supplied input by the Java component. By persuading an authenticated user to visit a malicious Web site, a remote attacker could send a malformed HTTP request to perform unauthorized actions. An attacker could exploit this vulnerability to perform cross-site scripting attacks, Web cache poisoning, and other malicious activities.",Unproven,4.3,CVE-2019-1003082,Jenkins Gearman Plugin,Gain Access,None,Network,Low,None,Low,None
194,Jenkins Nomad Plugin cross-site request forgery,"Jenkins Nomad Plugin is vulnerable to cross-site request forgery, caused by improper validation of user-supplied input by the Java component. By persuading an authenticated user to visit a malicious Web site, a remote attacker could send a malformed HTTP request to perform unauthorized actions. An attacker could exploit this vulnerability to perform cross-site scripting attacks, Web cache poisoning, and other malicious activities.",Unproven,4.3,CVE-2019-1003092,Jenkins Nomad Plugin,Gain Access,None,Network,Low,None,Low,None
195,Jenkins openid Plugin cross-site request forgery,"Jenkins openid Plugin is vulnerable to cross-site request forgery, caused by improper validation of user-supplied input by the Java component. By persuading an authenticated user to visit a malicious Web site, a remote attacker could send a malformed HTTP request to perform unauthorized actions. An attacker could exploit this vulnerability to perform cross-site scripting attacks, Web cache poisoning, and other malicious activities.",Unproven,4.3,CVE-2019-1003098,Jenkins openid Plugin,Gain Access,None,Network,Low,None,Low,None
196,Jenkins Chef Sinatra Plugin cross-site request forgery,"Jenkins Chef Sinatra Plugin is vulnerable to cross-site request forgery, caused by improper validation of user-supplied input by the Java component. By persuading an authenticated user to visit a malicious Web site, a remote attacker could send a malformed HTTP request to perform unauthorized actions. An attacker could exploit this vulnerability to perform cross-site scripting attacks, Web cache poisoning, and other malicious activities.",Unproven,4.3,CVE-2019-1003086,Jenkins Chef Sinatra Plugin,Gain Access,None,Network,Low,None,Low,None
197,Jenkins Audit to Database Plugin cross-site request forgery,"Jenkins Audit to Database Plugin is vulnerable to cross-site request forgery, caused by improper validation of user-supplied input by the Java component. By persuading an authenticated user to visit a malicious Web site, a remote attacker could send a malformed HTTP request to perform unauthorized actions. An attacker could exploit this vulnerability to perform cross-site scripting attacks, Web cache poisoning, and other malicious activities.",Unproven,4.3,CVE-2019-1003076,Jenkins Audit to Database Plugin,Gain Access,None,Network,Low,None,Low,None
198,Jenkins VMware Lab Manager Slaves Plugin cross-site request forgery,"Jenkins VMware Lab Manager Slaves Plugin is vulnerable to cross-site request forgery, caused by improper validation of user-supplied input by the Java component. By persuading an authenticated user to visit a malicious Web site, a remote attacker could send a malformed HTTP request to perform unauthorized actions. An attacker could exploit this vulnerability to perform cross-site scripting attacks, Web cache poisoning, and other malicious activities.",Unproven,4.3,CVE-2019-1003078,Jenkins VMware Lab Manager Slaves Plugin,Gain Access,None,Network,Low,None,Low,None
199,Jenkins SOASTA CloudTest Plugin cross-site request forgery,"Jenkins SOASTA CloudTest Plugin is vulnerable to cross-site request forgery, caused by improper validation of user-supplied input by the Java component. By persuading an authenticated user to visit a malicious Web site, a remote attacker could send a malformed HTTP request to perform unauthorized actions. An attacker could exploit this vulnerability to perform cross-site scripting attacks, Web cache poisoning, and other malicious activities.",Unproven,4.3,CVE-2019-1003090,Jenkins SOASTA CloudTest Plugin,Gain Access,None,Network,Low,None,Low,None
